{"cameraMode":{"drawMode":0,"name":"Shaded","section":"Shading Mode"},"sceneLighting":true,"audioPlay":false,"sceneViewState":{"m_AlwaysRefresh":false,"showFog":true,"showSkybox":true,"showFlares":true,"showImageEffects":true,"showParticleSystems":true,"showVisualEffectGraphs":true,"m_FxEnabled":true},"in2DMode":false,"pivot":{"x":927.568115234375,"y":277.19122314453127,"z":-31.37298583984375},"rotation":{"x":-0.03826882317662239,"y":0.058451734483242038,"z":-0.0025282043498009445,"w":-0.997604489326477},"size":613.2807006835938,"orthographic":true}